Date,Sales
2010-01-02,11407.12
2010-01-04,59894.618
2010-01-05,29099.134000000002
2010-01-06,44630.304
2010-01-08,37105.293
2010-01-11,45507.096
2010-01-12,39558.692
2010-01-13,90871.894
2010-01-14,32649.372
2010-01-15,28271.537
2010-01-16,5364.6179999999995
2010-01-18,131102.258
2010-01-19,32282.949
2010-01-20,50579.142
2010-01-21,26823.342
2010-01-22,94830.394
2010-01-23,7348.952
2010-01-25,112561.166
2010-01-26,23577.729
2010-01-27,46973.462
2010-01-28,85724.938
2010-01-29,22260.416
2010-01-30,-311.37
2010-02-01,81128.126
2010-02-02,53637.343
2010-02-03,42086.984
2010-02-04,23005.134
2010-02-05,31727.883
2010-02-06,300.28
2010-02-08,65228.268000000004
2010-02-09,29340.827
2010-02-10,232410.669
2010-02-11,42397.182
2010-02-12,32366.922000000002
2010-02-13,1595.29
2010-02-15,41606.488
2010-02-16,72023.028
2010-02-17,39489.985
2010-02-18,38275.883
2010-02-19,126360.477
2010-02-20,9991.87
2010-02-22,49060.182
2010-02-23,109036.55600000001
2010-02-24,45721.234000000004
2010-02-25,34783.556
2010-02-26,20514.649
2010-02-27,328.006
2010-03-01,29691.843
2010-03-02,105538.70199999999
2010-03-03,37996.256
2010-03-04,111403.101
2010-03-05,134389.204
2010-03-06,835.249
2010-03-08,53558.39
2010-03-09,118963.978
2010-03-10,44755.924
2010-03-11,39379.852
2010-03-12,45212.168
2010-03-13,8874.61
2010-03-15,46165.482
2010-03-16,112637.124
2010-03-17,64581.35
2010-03-18,46973.483
2010-03-19,112146.236
2010-03-20,-145.37
2010-03-22,50852.939
2010-03-23,40460.09
2010-03-24,112110.265
2010-03-25,60172.426
2010-03-26,46020.489
2010-03-27,1525.22
2010-03-29,45080.606999999996
2010-03-30,121532.47499999999
2010-03-31,105756.082
2010-04-01,39753.077
2010-04-02,26639.637
2010-04-03,1876.275
2010-04-05,39378.78
2010-04-06,35057.935
2010-04-07,47330.517
2010-04-08,46036.512
2010-04-09,91323.401
2010-04-10,42368.202
2010-04-12,35764.31
2010-04-13,25022.511
2010-04-14,38002.635
2010-04-15,55252.085999999996
2010-04-16,40582.331999999995
2010-04-17,28647.918999999998
2010-04-19,91999.29
2010-04-20,33067.149
2010-04-21,60327.171
2010-04-22,51570.856
2010-04-23,118593.40599999999
2010-04-24,7056.018
2010-04-26,151633.17
2010-04-27,40565.96
2010-04-28,101332.751
2010-04-29,48394.415
2010-04-30,43464.085
2010-05-03,49807.313
2010-05-04,154528.88
2010-05-05,111305.55500000001
2010-05-06,71366.445
2010-05-07,30110.786
2010-05-08,11021.067
2010-05-10,39582.42
2010-05-11,34058.899
2010-05-12,42537.806
2010-05-13,111101.50899999999
2010-05-14,97206.56899999999
2010-05-15,7646.41
2010-05-17,36505.867
2010-05-18,15072.038
2010-05-19,71535.442
2010-05-20,122196.789
2010-05-21,33242.85
2010-05-22,35354.595
2010-05-24,108442.288
2010-05-25,24421.383
2010-05-26,35709.825
2010-05-27,98180.48300000001
2010-05-28,30947.444
2010-05-29,4967.298
2010-05-31,164331.925
2010-06-01,29932.663
2010-06-02,113552.822
2010-06-03,41576.606999999996
2010-06-04,28494.066
2010-06-05,7130.532
2010-06-07,35634.715000000004
2010-06-08,25948.093
2010-06-09,58345.174
2010-06-10,38820.375
2010-06-11,26829.061
2010-06-12,6090.266
2010-06-14,34630.141
2010-06-15,38822.753
2010-06-16,35540.267
2010-06-17,83591.369
2010-06-18,23911.205
2010-06-19,87489.969
2010-06-21,48926.527
2010-06-22,93561.116
2010-06-23,26967.71
2010-06-24,46459.362
2010-06-25,178572.232
2010-06-26,20079.872000000003
2010-06-28,38720.431000000004
2010-06-29,30257.981
2010-06-30,33182.873
2010-07-01,70105.423
2010-07-02,141532.019
2010-07-03,3485.514
2010-07-05,30375.177
2010-07-06,23173.094
2010-07-07,93088.1
2010-07-08,51035.353
2010-07-09,26720.915
2010-07-10,6212.855
2010-07-12,156562.369
2010-07-13,33603.458
2010-07-14,120159.39499999999
2010-07-15,45739.522
2010-07-16,66042.987
2010-07-17,6745.026
2010-07-19,32291.416
2010-07-20,38562.44
2010-07-21,197214.876
2010-07-22,-17991.358000000004
2010-07-23,85901.34199999999
2010-07-24,20178.648
2010-07-26,31513.506
2010-07-27,22231.224
2010-07-28,51692.617
2010-07-29,90168.74399999999
2010-07-30,97688.167
2010-07-31,95706.465
2010-08-02,45196.041
2010-08-03,41060.306
2010-08-04,47553.586
2010-08-05,41403.627
2010-08-06,27650.22
2010-08-07,11224.919
2010-08-09,56045.807
2010-08-10,24096.36
2010-08-11,65631.58899999999
2010-08-12,29421.926
2010-08-13,29967.207
2010-08-14,6085.626
2010-08-16,51523.166
2010-08-17,26551.364
2010-08-18,108457.162
2010-08-19,22989.942
2010-08-20,31871.02
2010-08-21,5744.204
2010-08-23,110421.163
2010-08-24,85495.421
2010-08-25,79300.424
2010-08-26,31899.552
2010-08-27,43412.312
2010-08-28,5686.904
2010-08-30,53965.048
2010-08-31,28159.393
2010-09-01,22554.774
2010-09-02,131973.37
2010-09-03,27883.042
2010-09-04,10483.315
2010-09-06,73200.032
2010-09-07,38591.291
2010-09-08,72884.425
2010-09-09,25323.64
2010-09-10,130344.08
2010-09-11,17865.760000000002
2010-09-13,41305.902
2010-09-14,18885.819
2010-09-15,132651.502
2010-09-16,26325.303
2010-09-17,151151.656
2010-09-18,6486.298
2010-09-20,54869.735
2010-09-21,31995.626
2010-09-22,116089.658
2010-09-23,32120.76
2010-09-24,29099.868
2010-09-25,3010.64
2010-09-27,38241.274
2010-09-28,24191.738
2010-09-29,44519.055
2010-09-30,160505.146
2010-10-01,48773.934
2010-10-02,17604.998
2010-10-04,55080.601
2010-10-05,37846.978
2010-10-06,132340.12
2010-10-07,32320.479
2010-10-08,29523.724
2010-10-09,14575.367
2010-10-11,33578.575
2010-10-12,90400.337
2010-10-13,51067.856999999996
2010-10-14,68265.736
2010-10-15,30700.32
2010-10-16,2372.124
2010-10-18,46817.303
2010-10-19,118864.732
2010-10-20,119393.83499999999
2010-10-21,39319.217
2010-10-22,53274.035
2010-10-23,3422.901
2010-10-25,36557.884
2010-10-26,25682.648999999998
2010-10-27,126475.65
2010-10-28,91779.544
2010-10-29,35146.059
2010-10-30,4820.681
2010-11-01,52857.164
2010-11-02,38959.651
2010-11-03,128844.39
2010-11-04,50385.246
2010-11-05,31872.720999999998
2010-11-06,12856.159
2010-11-08,47579.425
2010-11-09,61604.099
2010-11-10,48408.093
2010-11-11,65213.85
2010-11-12,126733.49399999999
2010-11-13,20933.434
2010-11-15,45473.558
2010-11-16,28115.674
2010-11-17,53728.811
2010-11-18,38586.93
2010-11-19,80145.977
2010-11-20,123779.974
2010-11-22,75180.817
2010-11-23,90783.45999999999
2010-11-24,51380.665
2010-11-25,125103.356
2010-11-26,54582.115
2010-11-27,8252.854
2010-11-29,36394.662
2010-11-30,47491.435
2010-12-01,71234.872
2010-12-02,86062.948
2010-12-03,110519.229
2010-12-04,16493.818
2010-12-06,49481.61
2010-12-07,44710.93
2010-12-08,130529.26699999999
2010-12-09,42203.894
2010-12-10,100959.39199999999
2010-12-11,96047.474
2010-12-13,66655.35
2010-12-14,71264.762
2010-12-15,84703.859
2010-12-16,48707.265999999996
2010-12-17,42604.135
2010-12-18,18678.381
2010-12-20,48907.073
2010-12-21,119314.08499999999
2010-12-22,129552.26299999999
2010-12-23,47721.445999999996
2010-12-24,52192.373
2010-12-25,148.56
2010-12-27,50029.684
2010-12-28,38320.685
2010-12-29,111436.819
2010-12-30,23606.254
2010-12-31,1906.37
2011-01-03,45599.143
2011-01-04,128275.34099999999
2011-01-05,76217.638
2011-01-06,39179.044
2011-01-10,64473.64
2011-01-11,57385.726
2011-01-12,38526.138
2011-01-13,35591.781
2011-01-14,104867.139
2011-01-15,12331.73
2011-01-17,35116.581
2011-01-18,40914.049
2011-01-19,38043.683
2011-01-20,24043.182
2011-01-21,53830.668999999994
2011-01-22,4389.07
2011-01-24,27428.142
2011-01-25,38354.506
2011-01-26,108633.561
2011-01-27,20507.654
2011-01-28,30088.106
2011-01-29,78387.80299999999
2011-01-31,42745.768
2011-02-01,81315.248
2011-02-02,108616.363
2011-02-03,30904.207
2011-02-04,44144.264
2011-02-05,81815.378
2011-02-07,38335.055
2011-02-08,26820.958
2011-02-09,59835.6
2011-02-10,35307.484000000004
2011-02-11,27683.195
2011-02-12,24853.874
2011-02-14,85536.766
2011-02-15,94964.221
2011-02-16,48820.229999999996
2011-02-17,71654.492
2011-02-18,195991.004
2011-02-19,11006.941
2011-02-21,89796.48000000001
2011-02-22,109338.183
2011-02-23,53665.746
2011-02-24,52260.934
2011-02-25,32374.029
2011-02-26,6791.712
2011-02-28,60811.914
2011-03-01,25393.777
2011-03-02,37761.456
2011-03-03,34750.496999999996
2011-03-04,82322.91
2011-03-05,5673.807
2011-03-07,53363.017
2011-03-08,46896.528
2011-03-09,51079.197
2011-03-10,100957.773
2011-03-11,92558.766
2011-03-12,12644.594000000001
2011-03-14,46951.569
2011-03-15,29845.247
2011-03-16,58844.757
2011-03-17,105698.76000000001
2011-03-18,25998.852
2011-03-19,4775.117
2011-03-21,33721.556
2011-03-22,22411.511
2011-03-23,47499.342
2011-03-24,24729.383
2011-03-25,127621.608
2011-03-26,31111.872
2011-03-28,41319.937
2011-03-29,27223.99
2011-03-30,55659.74
2011-03-31,117620.869
2011-04-01,22551.086
2011-04-02,3963.9
2011-04-04,35969.421
2011-04-05,26330.341
2011-04-06,76644.911
2011-04-07,46209.879
2011-04-08,29049.667999999998
2011-04-09,9451.856
2011-04-11,63224.506
2011-04-12,62988.186
2011-04-13,72519.166
2011-04-14,85791.762
2011-04-15,41292.323
2011-04-16,32342.842
2011-04-18,60669.015
2011-04-19,119837.817
2011-04-20,148253.379
2011-04-21,49080.583
2011-04-22,43056.042
2011-04-23,18643.842
2011-04-25,53633.795
2011-04-26,45956.593
2011-04-27,81416.677
2011-04-28,56504.157999999996
2011-04-29,27495.99
2011-04-30,30580.837
2011-05-03,50458.035
2011-05-04,55249.765
2011-05-05,24829.698
2011-05-06,43852.144
2011-05-07,23962.813
2011-05-10,46612.075
2011-05-11,83388.257
2011-05-12,86219.737
2011-05-13,33812.753
2011-05-14,7366.870000000001
2011-05-16,44908.824
2011-05-17,28969.121
2011-05-18,43269.574
2011-05-19,39096.371
2011-05-20,83946.55
2011-05-21,43697.061
2011-05-23,39606.912000000004
2011-05-24,104793.108
2011-05-25,72783.525
2011-05-26,119704.851
2011-05-27,52421.744
2011-05-28,6030.564
2011-05-30,32918.114
2011-05-31,127925.586
2011-06-01,71910.541
2011-06-02,21925.916
2011-06-03,23029.171
2011-06-04,11963.645
2011-06-06,41879.256
2011-06-07,50458.469
2011-06-08,33868.074
2011-06-09,55982.662
2011-06-10,149629.113
2011-06-11,10263.424
2011-06-13,70055.575
2011-06-14,23869.005
2011-06-15,135628.37900000002
2011-06-16,30191.04
2011-06-17,107713.423
2011-06-18,9930.869
2011-06-20,86405.894
2011-06-21,32033.487
2011-06-22,84306.817
2011-06-23,34910.055
2011-06-24,112014.05900000001
2011-06-25,5872.1050000000005
2011-06-27,31514.587
2011-06-28,23084.638
2011-06-29,131126.587
2011-06-30,135296.523
2011-07-01,-10407.567
2011-07-02,53945.587999999996
2011-07-04,37043.198
2011-07-05,127845.91399999999
2011-07-06,48359.302
2011-07-07,48442.614
2011-07-08,94318.485
2011-07-09,149594.011
2011-07-11,38129.775
2011-07-12,32933.676
2011-07-13,36309.782
2011-07-14,112453.205
2011-07-15,19686.924
2011-07-16,7028.494000000001
2011-07-18,36666.231999999996
2011-07-19,123191.987
2011-07-20,120625.70999999999
2011-07-21,36037.495
2011-07-22,27624.311999999998
2011-07-23,30677.785
2011-07-25,85943.07699999999
2011-07-26,32829.361
2011-07-27,67001.979
2011-07-28,28007.514
2011-07-29,91968.48199999999
2011-07-30,24104.578
2011-08-01,81214.221
2011-08-02,27393.529
2011-08-03,125364.544
2011-08-04,41821.535
2011-08-05,113613.118
2011-08-06,14346.518
2011-08-08,57779.572
2011-08-09,34182.869
2011-08-10,121629.27500000001
2011-08-11,45629.888
2011-08-12,28429.289
2011-08-13,15200.59
2011-08-15,71433.31700000001
2011-08-16,110336.576
2011-08-17,79271.565
2011-08-18,26626.102
2011-08-19,78782.39
2011-08-20,10765.911
2011-08-22,46265.296
2011-08-23,109431.11899999999
2011-08-24,73745.652
2011-08-25,34247.532
2011-08-26,75829.361
2011-08-27,41806.428
2011-08-29,24605.561
2011-08-30,21842.644
2011-08-31,91872.08899999999
2011-09-01,30990.056
2011-09-02,116061.005
2011-09-03,4956.11
2011-09-05,53272.179
2011-09-06,26374.257999999998
2011-09-07,65159.029
2011-09-08,22475.449
2011-09-09,101532.768
2011-09-10,5888.534
2011-09-12,53797.619
2011-09-13,49248.195
2011-09-14,103656.295
2011-09-15,60874.69899999999
2011-09-16,75439.60800000001
2011-09-17,54605.527
2011-09-19,31572.412
2011-09-20,31165.927
2011-09-21,38313.283
2011-09-22,31867.476
2011-09-23,27072.076
2011-09-24,3083.134
2011-09-26,26998.021
2011-09-27,25313.475
2011-09-28,223071.668
2011-09-29,71762.64199999999
2011-09-30,68840.775
2011-10-01,3716.03
2011-10-03,91141.476
2011-10-04,36352.438
2011-10-05,78025.45
2011-10-06,50662.653
2011-10-07,30759.972
2011-10-08,53979.495
2011-10-10,50696.64
2011-10-11,84599.95000000001
2011-10-12,46451.843
2011-10-13,36895.05
2011-10-14,202026.558
2011-10-15,10858.452
2011-10-17,48599.867
2011-10-18,43868.089
2011-10-19,119246.81899999999
2011-10-20,30081.634
2011-10-21,111257.712
2011-10-22,15106.826
2011-10-24,52875.395
2011-10-25,53750.598
2011-10-26,63859.634
2011-10-27,41406.911
2011-10-28,108455.625
2011-10-29,16023.68
2011-10-31,37401.02
2011-11-01,44104.836
2011-11-02,71094.125
2011-11-03,46263.176999999996
2011-11-04,82214.985
2011-11-05,7439.218
2011-11-07,37050.125
2011-11-08,28300.07
2011-11-09,95824.561
2011-11-10,39518.339
2011-11-11,48994.49
2011-11-12,10213.523
2011-11-14,138227.403
2011-11-15,49787.351
2011-11-16,48082.311
2011-11-17,75470.324
2011-11-18,55578.579
2011-11-19,6771.321
2011-11-22,77354.827
2011-11-23,103696.111
2011-11-24,114983.476
2011-11-25,118648.135
2011-11-26,14772.498
2011-11-28,49849.831
2011-11-29,34950.553
2011-11-30,244777.943
2011-12-01,39025.506
2011-12-02,53983.404
2011-12-03,8974.421
2011-12-05,45316.419
2011-12-06,48302.093
2011-12-07,66245.723
2011-12-08,58960.903
2011-12-09,137376.717
2011-12-10,11284.285
2011-12-12,97101.362
2011-12-13,64604.312
2011-12-14,181630.149
2011-12-15,45459.807
2011-12-16,71629.357
2011-12-17,10674.066
2011-12-19,67366.524
2011-12-20,72906.134
2011-12-21,88026.264
2011-12-22,114317.712
2011-12-23,46720.149
2011-12-24,50202.686
2011-12-26,62335.473
2011-12-27,75480.425
2011-12-28,59892.289000000004
2011-12-29,35937.388
2011-12-30,141959.692
2011-12-31,684.5799999999999
2012-01-03,66347.249
2012-01-04,54913.235
2012-01-05,51904.087
2012-01-06,32243.693
2012-01-10,154944.144
2012-01-11,43353.297
2012-01-12,25796.725
2012-01-13,34108.467
2012-01-14,5759.76
2012-01-16,43676.661
2012-01-17,41197.887
2012-01-18,56887.757
2012-01-19,28507.511
2012-01-20,75758.432
2012-01-21,20498.935
2012-01-23,37691.462999999996
2012-01-24,70717.939
2012-01-25,121507.914
2012-01-26,27476.983
2012-01-27,35589.653
2012-01-28,4043.86
2012-01-30,50172.546
2012-01-31,180732.107
2012-02-01,23625.693
2012-02-02,18709.062
2012-02-03,22662.938000000002
2012-02-04,5815.752
2012-02-06,47950.188
2012-02-07,18692.646
2012-02-08,24945.704
2012-02-09,28198.764
2012-02-10,109521.599
2012-02-11,11676.44
2012-02-13,67484.116
2012-02-14,42662.1
2012-02-15,55384.076
2012-02-16,32353.214
2012-02-17,82401.462
2012-02-18,8780.084
2012-02-20,57748.056
2012-02-21,93797.253
2012-02-22,70347.916
2012-02-23,57609.01
2012-02-24,94284.15
2012-02-25,25.459999999999997
2012-02-27,59700.21
2012-02-28,56629.217
2012-02-29,245693.66499999998
2012-03-01,22953.506
2012-03-02,26847.863
2012-03-03,11817.932999999999
2012-03-05,73379.046
2012-03-06,32342.946
2012-03-07,48010.058
2012-03-08,23685.96
2012-03-09,29550.34
2012-03-10,8239.79
2012-03-12,35531.084
2012-03-13,107389.949
2012-03-14,58505.788
2012-03-15,30493.97
2012-03-16,66002.966
2012-03-17,8099.83
2012-03-19,49938.402
2012-03-20,29019.3
2012-03-21,134270.652
2012-03-22,28773.877
2012-03-23,65128.484
2012-03-24,7547.24
2012-03-26,42361.112
2012-03-27,108259.964
2012-03-28,37219.344
2012-03-29,80293.344
2012-03-30,29749.26
2012-03-31,23249.190000000002
2012-04-02,71716.84
2012-04-03,34464.396
2012-04-04,56932.778
2012-04-05,143117.218
2012-04-06,45522.167
2012-04-07,9496.47
2012-04-09,53428.466
2012-04-10,111759.17
2012-04-11,70327.848
2012-04-12,32211.82
2012-04-13,50674.601
2012-04-14,5569.93
2012-04-17,88099.834
2012-04-18,115832.40000000001
2012-04-19,68818.049
2012-04-20,32735.84
2012-04-21,54765.658
2012-04-23,46407.61
2012-04-24,49193.182
2012-04-25,50354.58
2012-04-26,40828.53
2012-04-27,144921.182
2012-04-28,28984.832
2012-04-30,164546.439
2012-05-03,73053.472
2012-05-04,29540.22
2012-05-05,1246.94
2012-05-07,42246.155
2012-05-08,63271.606
2012-05-10,86940.098
2012-05-11,113198.786
2012-05-12,6683.43
2012-05-14,52438.384
2012-05-15,58559.772
2012-05-16,45052.73
2012-05-17,33397.520000000004
2012-05-18,86271.914
2012-05-19,53731.652
2012-05-21,39163.051
2012-05-22,26992.132
2012-05-23,46972.51
2012-05-24,23604.260000000002
2012-05-25,69682.14199999999
2012-05-26,5492.91
2012-05-28,65314.897000000004
2012-05-29,75995.18000000001
2012-05-30,121735.354
2012-05-31,31652.288999999997
2012-06-01,22741.99
2012-06-02,3555.5
2012-06-04,48098.24
2012-06-05,79649.58799999999
2012-06-06,56055.38
2012-06-07,29902.6
2012-06-08,31666.743
2012-06-09,80526.19799999999
2012-06-11,43578.84
2012-06-12,58970.590000000004
2012-06-13,40465.98
2012-06-14,35654.384
2012-06-15,46949.174
2012-06-16,85964.038
2012-06-18,43787.581
2012-06-19,33309.243
2012-06-20,36509.439
2012-06-21,39425.115
2012-06-22,31526.54
2012-06-23,7235.0599999999995
2012-06-25,105788.292
2012-06-26,95150.196
2012-06-27,93325.17
2012-06-28,32541.69
2012-06-29,116823.984
2012-06-30,97401.1
2012-07-02,45626.840000000004
2012-07-03,35212.83
2012-07-04,42837.05
2012-07-05,32539.6
2012-07-06,29662.22
2012-07-07,81982.12
2012-07-09,45987.98
2012-07-10,35845.296
2012-07-11,90024.4
2012-07-12,44312.25
2012-07-13,54061.740000000005
2012-07-14,68890.31
2012-07-16,50382.15
2012-07-17,93696.994
2012-07-18,60840.87
2012-07-19,37076.571
2012-07-20,271586.425
2012-07-21,10653.26
2012-07-23,50070.23
2012-07-24,46099.7
2012-07-25,44441.254
2012-07-26,26620.679
2012-07-27,57039.627
2012-07-28,2970.54
2012-07-30,126948.9
2012-07-31,83266.523
2012-08-01,50320.4
2012-08-02,32495.31
2012-08-03,27320.726
2012-08-04,7223.89
2012-08-06,40237.998
2012-08-07,35944.685
2012-08-08,47143.27
2012-08-09,25702.96
2012-08-10,47393.296
2012-08-11,10634.61
2012-08-13,82603.844
2012-08-14,57160.379
2012-08-15,47489.807
2012-08-16,33910.23
2012-08-17,24040.133
2012-08-18,65.96
2012-08-20,140109.062
2012-08-21,24773.69
2012-08-22,87835.728
2012-08-23,29691.55
2012-08-24,27067.586
2012-08-25,3507.81
2012-08-27,98496.546
2012-08-28,47680.456
2012-08-29,50469.71
2012-08-30,47783.421
2012-08-31,117860.55
2012-09-01,3769.2200000000003
2012-09-03,114807.93999999999
2012-09-04,109405.47
2012-09-05,26842.568
2012-09-06,27033.61
2012-09-07,112843.90999999999
2012-09-08,45318.666
2012-09-10,63686.97
2012-09-11,86907.846
2012-09-12,40409.97
2012-09-13,32597.98
2012-09-14,32929.12
2012-09-15,1131.4
2012-09-17,36354.632
2012-09-18,51894.46000000001
2012-09-19,54202.65
2012-09-20,29345.126
2012-09-21,36856.042
2012-09-22,3299.87
2012-09-24,38952.4
2012-09-25,50132.226
2012-09-26,179785.594
2012-09-27,52565.128
2012-09-28,50698.97
2012-09-29,163.13000000000002
2012-10-01,39097.846
2012-10-02,42965.506
2012-10-03,37204.828
2012-10-04,92045.732
2012-10-05,33802.44
2012-10-06,1326.19
2012-10-08,64305.850000000006
2012-10-09,33529.196
2012-10-10,54669.62
2012-10-11,51812.147
2012-10-12,89551.26
2012-10-13,14282.16
2012-10-15,68182.225
2012-10-16,80628.922
2012-10-17,78838.025
2012-10-18,37061.375
2012-10-19,52502.91
2012-10-20,17584.09
2012-10-22,69988.499
2012-10-23,124501.552
2012-10-24,114761.35100000001
2012-10-25,48515.169
2012-10-26,51021.69
2012-10-27,4637.2699999999995
2012-10-29,50857.45
2012-10-30,40684.04
2012-10-31,71759.31
2012-11-01,27209.27
2012-11-02,21492.75
2012-11-03,3407.45
2012-11-05,51650.056000000004
2012-11-06,131896.718
2012-11-07,101979.861
2012-11-08,30735.33
2012-11-09,52901.844
2012-11-10,2992.22
2012-11-12,51800.51
2012-11-13,50990.283
2012-11-14,55451.11
2012-11-15,35815.02
2012-11-16,82036.62
2012-11-17,23898.058
2012-11-19,69318.148
2012-11-20,75073.99
2012-11-22,34249.12
2012-11-23,101393.004
2012-11-24,113652.072
2012-11-26,92615.118
2012-11-27,47192.842000000004
2012-11-28,90124.658
2012-11-29,22814.997
2012-11-30,95129.599
2012-12-01,44552.3
2012-12-03,50743.452
2012-12-04,130661.59199999999
2012-12-05,92422.322
2012-12-06,139464.882
2012-12-07,53857.82
2012-12-08,9960.2
2012-12-10,70363.58
2012-12-11,150636.986
2012-12-12,102389.255
2012-12-13,83349.16
2012-12-14,174904.236
2012-12-15,14200.74
2012-12-17,76729.908
2012-12-18,114783.137
2012-12-19,93432.75
2012-12-20,160973.29200000002
2012-12-21,99816.906
2012-12-22,25008.19
2012-12-24,72904.66
2012-12-25,86806.638
2012-12-26,60929.537
2012-12-27,45651.856
2012-12-28,65131.521
2012-12-29,16362.84
2012-12-31,-86.85000000000005
2013-01-03,204265.63999999998
2013-01-04,52546.01
2013-01-05,44580.9
2013-01-08,86611.17
2013-01-10,46045.4
2013-01-11,41697.92
2013-01-12,3708.06
2013-01-14,130451.9
2013-01-15,42157.53
2013-01-16,52022.396
2013-01-17,33411.19
2013-01-18,188401.432
2013-01-19,6776.04
2013-01-21,41107.8
2013-01-22,38840.21
2013-01-23,50852.44
2013-01-24,25037.26
2013-01-25,127670.19200000001
2013-01-26,76576.84
2013-01-28,37630.642
2013-01-29,36281.38
2013-01-30,45646.97
2013-01-31,40969.52
2013-02-01,46944.148
2013-02-02,9026.878
2013-02-04,46505.7
2013-02-05,41795.316
2013-02-06,46502.06
2013-02-07,25239.05
2013-02-08,79862.77799999999
2013-02-09,12385.96
2013-02-11,52967.3
2013-02-12,43427.683
2013-02-13,96396.406
2013-02-14,30814.125
2013-02-15,85023.28
2013-02-16,18809.572
2013-02-18,119910.316
2013-02-19,22751.465
2013-02-20,137165.96
2013-02-21,32779.29
2013-02-22,25706.139
2013-02-23,4590.82
2013-02-25,39168.93
2013-02-26,28688.354
2013-02-27,142932.57
2013-02-28,79194.914
2013-03-01,23251.16
2013-03-02,-154.62
2013-03-04,140558.878
2013-03-05,118850.28
2013-03-06,62366.22
2013-03-07,31892.27
2013-03-08,52558.736
2013-03-09,3697.41
2013-03-11,55304.69
2013-03-12,45131.2
2013-03-13,64621.494
2013-03-14,29096.59
2013-03-15,142545.414
2013-03-16,6618.73
2013-03-17,29.53
2013-03-18,98291.842
2013-03-19,46317.669
2013-03-20,65562.685
2013-03-21,45582.84
2013-03-22,122934.074
2013-03-23,5277.82
2013-03-25,49417.834
2013-03-26,106387.44
2013-03-27,66338.322
2013-03-28,63181.434
2013-03-29,36526.937
2013-03-30,11047.19
2013-04-01,122621.02
2013-04-02,71735.162
2013-04-03,36207.02
2013-04-04,29560.83
2013-04-05,28343.944
2013-04-06,24627.65
2013-04-08,41455.29
2013-04-09,65532.89
2013-04-10,111046.802
2013-04-11,24789.875
2013-04-12,57741.816
2013-04-13,14883.6
2013-04-15,55411.702
2013-04-16,67709.19
2013-04-17,76687.94
2013-04-18,41593.48
2013-04-19,69979.698
2013-04-20,59904.09
2013-04-22,82962.854
2013-04-23,71395.73
2013-04-24,172030.226
2013-04-25,64544.373
2013-04-26,60852.29
2013-04-27,33974.01
2013-04-29,69619.6
2013-04-30,30181.3
2013-05-03,72769.84
2013-05-04,36449.684
2013-05-07,71190.2
2013-05-08,42956.96
2013-05-10,97767.644
2013-05-11,7463.0
2013-05-13,104045.02
2013-05-14,36149.967
2013-05-15,80570.064
2013-05-16,33343.11
2013-05-17,45424.874
2013-05-18,24615.232
2013-05-20,120512.91799999999
2013-05-21,41279.84
2013-05-22,113432.88799999999
2013-05-23,70229.29
2013-05-24,44258.08
2013-05-25,75590.22
2013-05-27,51395.77
2013-05-28,75453.99399999999
2013-05-29,50343.42
2013-05-30,36828.45
2013-05-31,39244.19
2013-06-01,-1875.122
2013-06-03,148085.575
2013-06-04,38744.56
2013-06-05,60803.768000000004
2013-06-06,129344.65199999999
2013-06-07,38687.326
2013-06-08,109829.562
2013-06-10,96978.974
2013-06-11,40299.378
2013-06-12,93089.642
2013-06-13,29359.51
2013-06-14,36958.977
2013-06-15,4829.62
2013-06-17,47824.194
2013-06-18,47094.38
2013-06-19,118574.6
2013-06-20,29860.02
2013-06-21,29011.97
2013-06-22,13844.69
2013-06-24,92259.186
2013-06-25,34270.55
2013-06-26,81670.67599999999
2013-06-27,70044.908
2013-06-28,58392.157
2013-06-29,80180.72
2013-07-01,40768.003
2013-07-02,49027.159999999996
2013-07-03,127720.15299999999
2013-07-04,26647.465
2013-07-05,28433.614
2013-07-06,8278.72
2013-07-08,136766.60199999998
2013-07-09,36317.8
2013-07-10,47724.818
2013-07-11,31909.016
2013-07-12,37733.948
2013-07-13,126345.20000000001
2013-07-15,70656.928
2013-07-16,62978.62
2013-07-17,92795.606
2013-07-18,147185.478
2013-07-19,56294.784
2013-07-20,59294.496
2013-07-22,79001.5
2013-07-23,54980.91
2013-07-24,162679.917
2013-07-25,38455.83
2013-07-26,35338.635
2013-07-27,81226.686
2013-07-29,63260.556
2013-07-30,93967.709
2013-07-31,121657.694
2013-08-01,51336.07
2013-08-02,52750.42
2013-08-03,19219.54
2013-08-05,96859.09
2013-08-06,51772.19
2013-08-07,33904.81
2013-08-08,31895.98
2013-08-09,59419.66
2013-08-10,76832.594
2013-08-12,54783.98
2013-08-13,99386.952
2013-08-14,38379.54
2013-08-15,75857.72
2013-08-16,79315.55
2013-08-17,38369.818
2013-08-19,108794.914
2013-08-20,46776.548
2013-08-21,48258.16
2013-08-22,42218.475
2013-08-23,23841.252
2013-08-24,17319.49
2013-08-26,97157.273
2013-08-27,39552.078
2013-08-28,92647.81599999999
2013-08-29,75892.07
2013-08-30,50542.43
2013-08-31,8764.32
2013-09-02,96672.54
2013-09-03,54127.7
2013-09-04,54843.53
2013-09-05,137305.805
2013-09-06,33223.605
2013-09-07,87585.89
2013-09-09,48099.505
2013-09-10,53771.99
2013-09-11,42845.08
2013-09-12,85555.422
2013-09-13,44699.99
2013-09-14,21981.7
2013-09-16,62416.85
2013-09-17,79948.888
2013-09-18,49881.689
2013-09-19,45184.963
2013-09-20,98446.636
2013-09-21,118077.60199999998
2013-09-23,41977.483
2013-09-24,51813.208
2013-09-25,65551.027
2013-09-26,93672.621
2013-09-27,73626.66500000001
2013-09-28,18135.87
2013-09-30,82808.406
2013-10-01,78389.695
2013-10-02,94977.39199999999
2013-10-03,79301.988
2013-10-04,65436.312
2013-10-05,15961.68
2013-10-07,64828.0
2013-10-08,57636.72
2013-10-09,58770.172
2013-10-10,37304.556000000004
2013-10-11,44751.0
2013-10-14,153008.544
2013-10-15,62455.542
2013-10-16,60364.89
2013-10-17,46026.866
2013-10-18,114954.68000000001
2013-10-19,351.02
2013-10-21,61091.397
2013-10-22,71378.656
2013-10-23,41069.055
2013-10-24,48841.09
2013-10-25,37951.338
2013-10-26,-1290.3500000000001
2013-10-28,132842.88999999998
2013-10-29,108998.254
2013-10-30,84907.1
2013-10-31,133813.018
2013-11-01,27809.626
2013-11-02,17638.388
2013-11-04,62268.584
2013-11-05,76935.006
2013-11-06,119596.97
2013-11-07,39889.704
2013-11-08,48875.69
2013-11-09,75792.06999999999
2013-11-11,121815.102
2013-11-12,60379.947
2013-11-13,138369.128
2013-11-14,56673.456
2013-11-15,49270.798
2013-11-16,-2757.8230000000003
2013-11-18,80776.302
2013-11-19,160669.272
2013-11-20,110477.056
2013-11-21,5421.92
2013-11-22,155422.402
2013-11-23,1718.6100000000001
2013-11-25,74145.59
2013-11-26,70730.956
2013-11-27,120018.56
2013-11-28,171132.388
2013-11-29,54706.24
2013-11-30,2664.9900000000002
2013-12-02,105384.34300000001
2013-12-03,77953.139
2013-12-04,139354.19400000002
2013-12-05,63158.526
2013-12-06,167088.08
2013-12-07,23020.39
2013-12-09,111890.446
2013-12-10,70318.87
2013-12-11,80024.854
2013-12-12,116497.076
2013-12-13,228196.2
2013-12-14,764.69
2013-12-16,95945.74
2013-12-17,70583.42
2013-12-18,75183.174
2013-12-19,139236.18
2013-12-20,96404.405
2013-12-21,22895.464
2013-12-23,92869.811
2013-12-24,104202.095
2013-12-25,41163.36
2013-12-26,56699.246
2013-12-27,67423.52
2013-12-28,48028.391
2013-12-30,36195.7
2013-12-31,47390.07399999999
2014-01-03,75602.09
2014-01-04,25682.25
2014-01-06,36762.45
2014-01-08,50532.57
2014-01-09,9116.62
2014-01-10,84136.462
2014-01-11,19587.53
2014-01-13,66023.04000000001
2014-01-14,71361.78
2014-01-15,66585.95
2014-01-16,51158.21
2014-01-17,44988.608
2014-01-18,-106.01
2014-01-20,55424.47
2014-01-21,52431.364
2014-01-22,167722.858
2014-01-23,42405.034
2014-01-24,27292.32
2014-01-25,16519.278
2014-01-27,69695.47
2014-01-28,112570.112
2014-01-29,52381.604
2014-01-30,33120.44
2014-01-31,136982.336
2014-02-01,3672.77
2014-02-03,66769.191
2014-02-04,104854.15599999999
2014-02-05,71853.16
2014-02-06,37277.04
2014-02-07,26219.744
2014-02-08,23821.23
2014-02-10,58465.064
2014-02-11,130740.97
2014-02-12,71204.175
2014-02-13,35396.988
2014-02-14,37021.253
2014-02-15,3152.3
2014-02-17,93443.267
2014-02-18,56106.64
2014-02-19,50182.0
2014-02-20,37782.916
2014-02-21,106311.62
2014-02-22,-11.159999999999997
2014-02-24,59955.102
2014-02-25,84668.786
2014-02-26,120911.11
2014-02-27,45403.648
2014-02-28,191593.28699999998
2014-03-01,20851.170000000002
2014-03-03,82576.35
2014-03-04,73578.898
2014-03-05,63795.758
2014-03-06,32293.28
2014-03-07,49720.813
2014-03-08,68332.929
2014-03-10,61258.67
2014-03-11,72433.173
2014-03-12,130227.527
2014-03-13,44812.723
2014-03-14,41264.971
2014-03-15,-619.87
2014-03-17,51819.993
2014-03-18,102642.73
2014-03-19,67102.035
2014-03-20,37721.96
2014-03-21,133277.85
2014-03-22,115.85000000000002
2014-03-24,45372.41
2014-03-25,69484.72
2014-03-26,41713.18
2014-03-27,32429.132
2014-03-28,49388.16
2014-03-29,-282.25000000000006
2014-03-31,121017.508
2014-04-01,65683.96
2014-04-02,82445.33
2014-04-03,40361.467000000004
2014-04-04,61577.092
2014-04-05,-266.697
2014-04-07,119732.237
2014-04-08,85286.5
2014-04-09,58417.938
2014-04-10,32390.714
2014-04-11,171165.769
2014-04-12,-17.000000000000036
2014-04-14,77766.208
2014-04-15,73630.564
2014-04-16,115851.662
2014-04-17,67039.317
2014-04-18,47861.29
2014-04-19,33180.962
2014-04-22,116584.04
2014-04-23,89693.02
2014-04-24,220092.614
2014-04-25,123069.578
2014-04-26,3626.12
2014-04-28,176322.866
2014-04-29,60521.87
2014-04-30,42586.694
2014-05-03,5492.22
2014-05-05,59687.936
2014-05-06,57052.672999999995
2014-05-07,44184.062
2014-05-08,88310.879
2014-05-09,18821.984
2014-05-10,17377.37
2014-05-12,143705.911
2014-05-13,64151.736
2014-05-14,58096.69
2014-05-15,25263.125
2014-05-16,18572.936
2014-05-17,2619.18
2014-05-19,147341.779
2014-05-20,51447.69
2014-05-21,113060.53
2014-05-22,63973.512
2014-05-23,196838.79
2014-05-24,951.7900000000001
2014-05-26,51254.744
2014-05-27,114235.708
2014-05-28,135594.79
2014-05-29,39927.7
2014-05-30,43103.520000000004
2014-05-31,307.2
2014-06-02,57031.562
2014-06-03,119460.436
2014-06-04,74141.11
2014-06-05,36789.996
2014-06-06,40219.686
2014-06-07,59285.566
2014-06-09,53490.17
2014-06-10,85689.257
2014-06-11,118441.96200000001
2014-06-12,124892.038
2014-06-13,33481.642
2014-06-14,72679.882
2014-06-16,123676.818
2014-06-17,117701.276
2014-06-18,177626.446
2014-06-19,39358.697
2014-06-20,53560.45
2014-06-21,45399.861
2014-06-23,111303.06
2014-06-24,131622.004
2014-06-25,139956.99
2014-06-26,76120.76699999999
2014-06-27,36209.246
2014-06-28,25387.521999999997
2014-06-30,41932.61
2014-07-01,191406.529
2014-07-02,91258.12700000001
2014-07-03,92414.984
2014-07-04,73827.442
2014-07-05,1838.74
2014-07-07,118993.92
2014-07-08,207259.912
2014-07-09,72688.34
2014-07-10,65299.229999999996
2014-07-11,53571.243
2014-07-12,222.55999999999995
2014-07-14,87484.7
2014-07-15,132640.385
2014-07-16,167275.027
2014-07-17,57725.55
2014-07-18,124604.696
2014-07-19,-403.13
2014-07-21,66299.914
2014-07-22,76684.603
2014-07-23,79128.862
2014-07-24,46180.464
2014-07-25,219188.462
2014-07-26,-238.69
2014-07-28,87881.014
2014-07-29,79237.253
2014-07-30,87365.432
2014-07-31,87657.78
2014-08-01,35336.76
2014-08-02,430.71000000000004
2014-08-04,71907.898
2014-08-05,73217.53
2014-08-06,186736.672
2014-08-07,43548.344
2014-08-08,34271.98
2014-08-09,1378.78
2014-08-11,106655.625
2014-08-12,81604.478
2014-08-13,55421.39
2014-08-14,48499.38
2014-08-15,35078.736
2014-08-16,425.38
2014-08-18,112920.79
2014-08-19,79828.17
2014-08-20,53227.214
2014-08-21,45350.25
2014-08-22,92252.712
2014-08-23,-255.51999999999998
2014-08-25,46401.04
2014-08-26,145914.85
2014-08-27,45709.82
2014-08-28,48311.94
2014-08-29,120918.124
2014-08-30,15232.217
2014-09-01,49738.86
2014-09-02,125368.98800000001
2014-09-03,59420.95
2014-09-04,33038.497
2014-09-05,212837.80899999998
2014-09-06,27147.585
2014-09-08,60972.1
2014-09-09,71749.29000000001
2014-09-10,125394.82
2014-09-11,37489.79
2014-09-12,42057.06
2014-09-13,3055.674
2014-09-15,76503.416
2014-09-16,134211.874
2014-09-17,81140.446
2014-09-18,47526.96
2014-09-19,49083.15
2014-09-20,29833.949999999997
2014-09-22,99889.66
2014-09-23,79264.46
2014-09-24,113088.12599999999
2014-09-25,145854.4
2014-09-26,52058.62
2014-09-27,-1228.45
2014-09-29,64465.47
2014-09-30,106088.54
2014-10-01,134425.8
2014-10-02,80596.822
2014-10-03,40541.246
2014-10-04,-1425.18
2014-10-06,162213.438
2014-10-07,76845.802
2014-10-08,85295.168
2014-10-09,62923.1
2014-10-10,66453.144
2014-10-11,13567.113
2014-10-13,79350.038
2014-10-14,113724.484
2014-10-15,92722.712
2014-10-16,41762.06
2014-10-17,47332.556
2014-10-18,-2206.7400000000002
2014-10-20,43116.99
2014-10-21,116749.02100000001
2014-10-22,47767.49
2014-10-23,64013.36
2014-10-24,37965.82
2014-10-25,-3227.17
2014-10-27,75643.026
2014-10-28,193056.113
2014-10-29,128305.643
2014-10-30,108326.184
2014-10-31,89046.836
2014-11-01,80830.68
2014-11-03,63386.73
2014-11-04,71709.946
2014-11-05,106269.724
2014-11-06,119926.37
2014-11-07,54484.82
2014-11-08,43693.332
2014-11-10,91756.76
2014-11-11,78672.42
2014-11-12,167103.47
2014-11-13,68870.73
2014-11-14,97390.776
2014-11-15,-1354.3200000000002
2014-11-17,106572.83
2014-11-18,131765.548
2014-11-19,74855.81
2014-11-20,126448.17
2014-11-21,6318.09
2014-11-22,34985.16
2014-11-24,103814.37
2014-11-25,91681.504
2014-11-26,93795.23
2014-11-27,119845.131
2014-11-28,169541.066
2014-11-29,24233.43
2014-11-30,865.39
2014-12-01,39735.34
2014-12-02,139904.816
2014-12-03,95597.959
2014-12-04,197677.776
2014-12-05,38956.11
2014-12-06,-202.32000000000002
2014-12-08,73725.032
2014-12-09,80130.99
2014-12-10,142908.8
2014-12-11,93495.321
2014-12-12,72604.484
2014-12-13,91572.684
2014-12-15,93708.06
2014-12-16,89784.518
2014-12-17,92733.88100000001
2014-12-18,177081.45
2014-12-19,84559.38199999998
2014-12-20,-37.75
2014-12-22,61943.88
2014-12-23,95471.402
2014-12-24,76873.97899999999
2014-12-25,86844.396
2014-12-26,45128.62
2014-12-27,56777.49
2014-12-29,106614.76
2014-12-30,92055.11
2014-12-31,148115.17
2015-01-05,189539.46000000002
2015-01-06,80889.264
2015-01-08,63868.13
2015-01-09,8931.02
2015-01-10,8045.351999999999
2015-01-12,88361.068
2015-01-13,43401.44
2015-01-14,54954.8
2015-01-15,32618.71
2015-01-16,147097.356
2015-01-17,-830.691
2015-01-19,52155.92
2015-01-20,57182.61
2015-01-21,91106.245
2015-01-22,28095.53
2015-01-23,28951.74
2015-01-24,-8159.62
2015-01-26,45139.770000000004
2015-01-27,119917.728
2015-01-28,36286.38
2015-01-29,69636.952
2015-01-30,89171.992
2015-01-31,19994.547999999995
2015-02-02,53026.92
2015-02-03,48385.53
2015-02-04,145400.704
2015-02-05,45156.46
2015-02-06,122564.572
2015-02-07,-1798.18
2015-02-09,86033.178
2015-02-10,68849.23
2015-02-11,57544.9
2015-02-12,32310.95
2015-02-13,109962.194
2015-02-14,-561.38
2015-02-16,58946.36
2015-02-17,68403.64
2015-02-18,111799.828
2015-02-19,37788.87
2015-02-20,167133.236
2015-02-21,-1671.29
2015-02-23,70747.04
2015-02-24,86922.23
2015-02-25,96835.238
2015-02-26,42644.144
2015-02-27,167055.88999999998
2015-02-28,73992.59400000001
2015-03-02,65017.702
2015-03-03,49162.534
2015-03-04,136973.99
2015-03-05,68846.60800000001
2015-03-06,79861.566
2015-03-07,16984.028
2015-03-09,72302.44
2015-03-10,60853.69
2015-03-11,50812.72
2015-03-12,41741.46
2015-03-13,105819.65299999999
2015-03-14,441.63
2015-03-16,66385.57
2015-03-17,163901.112
2015-03-18,115810.423
2015-03-19,64679.93
2015-03-20,74354.73
2015-03-21,-613.97
2015-03-23,88342.14
2015-03-24,126724.38
2015-03-25,55092.590000000004
2015-03-26,47889.428
2015-03-27,39263.07
2015-03-28,19770.778
2015-03-30,152144.28
2015-03-31,108858.935
2015-04-01,131496.352
2015-04-02,53624.0
2015-04-03,119029.912
2015-04-04,12756.26
2015-04-06,102489.128
2015-04-07,63787.825
2015-04-08,103214.127
2015-04-09,83079.912
2015-04-10,54559.49
2015-04-13,5664.25
2015-04-14,73643.37
2015-04-15,113459.636
2015-04-16,47305.03
2015-04-17,35132.67
2015-04-18,2089.11
2015-04-20,138130.604
2015-04-21,55444.65
2015-04-22,94216.215
2015-04-23,118441.301
2015-04-24,69849.664
2015-04-25,-14.00000000000001
2015-04-27,109326.665
2015-04-28,56174.014
2015-04-29,70679.292
2015-04-30,118677.274
2015-05-04,218070.174
2015-05-05,99416.738
2015-05-06,94405.756
2015-05-07,42436.56
2015-05-08,31945.48
2015-05-11,62929.19
2015-05-12,49151.351
2015-05-13,101137.886
2015-05-14,52102.97
2015-05-15,75906.346
2015-05-16,301.54
2015-05-18,59121.328
2015-05-19,97308.288
2015-05-20,42591.81
2015-05-21,59706.44
2015-05-22,132650.267
2015-05-23,1007.53
2015-05-25,104062.904
2015-05-26,59300.747
2015-05-27,60367.6
2015-05-28,123687.402
2015-05-29,94761.288
2015-05-30,49119.392
2015-06-01,51981.51
2015-06-02,62026.256
2015-06-03,69540.81999999999
2015-06-04,127460.23999999999
2015-06-05,96623.316
2015-06-06,-101.11200000000002
2015-06-08,57674.23
2015-06-09,60247.718
2015-06-10,51797.232
2015-06-11,130995.952
2015-06-12,102417.454
2015-06-13,47068.456
2015-06-15,71006.57400000001
2015-06-16,81792.265
2015-06-17,61355.832
2015-06-18,67629.72
2015-06-19,48053.864
2015-06-20,297.65000000000003
2015-06-22,69655.73
2015-06-23,129975.434
2015-06-24,68173.888
2015-06-25,52321.47
2015-06-26,132419.908
2015-06-27,70696.72
2015-06-29,68425.188
2015-06-30,177262.386
2015-07-01,62389.598000000005
2015-07-02,48249.78
2015-07-03,60505.342000000004
2015-07-04,13469.560000000001
2015-07-06,69831.414
2015-07-07,73020.20999999999
2015-07-08,88866.034
2015-07-09,56483.149
2015-07-10,64273.374
2015-07-11,33409.6
2015-07-13,99136.178
2015-07-14,120588.119
2015-07-15,162354.54
2015-07-16,90642.72
2015-07-17,71323.257
2015-07-18,54.99
2015-07-20,138686.054
2015-07-21,48780.36
2015-07-22,62800.86
2015-07-23,55922.82
2015-07-24,81723.802
2015-07-25,3471.63
2015-07-27,169696.374
2015-07-28,50502.9
2015-07-29,214885.639
2015-07-30,63756.21
2015-07-31,202532.758
2015-08-01,-36.22
2015-08-03,60456.25
2015-08-04,47968.002
2015-08-05,50400.81
2015-08-06,57334.79
2015-08-07,39980.05
2015-08-08,-248.58
2015-08-10,74267.628
2015-08-11,38639.29
2015-08-12,46750.263
2015-08-13,49253.94
2015-08-14,37353.128
2015-08-15,1732.29
2015-08-17,137960.432
2015-08-18,97277.045
2015-08-19,79796.703
2015-08-20,80646.98
2015-08-21,58958.78
2015-08-22,-88.59999999999998
2015-08-24,134805.036
2015-08-25,53421.853
2015-08-26,112959.872
2015-08-27,52026.848
2015-08-28,47277.498
2015-08-29,-12.21
2015-08-31,125333.068
2015-09-01,37289.18
2015-09-02,163765.702
2015-09-03,49971.32
2015-09-04,106171.738
2015-09-05,36156.308000000005
2015-09-07,63143.37
2015-09-08,94382.812
2015-09-09,72031.88
2015-09-10,56188.31
2015-09-11,50911.19
2015-09-12,-1634.668
2015-09-14,144197.687
2015-09-15,122864.845
2015-09-16,60986.0
2015-09-17,56974.573
2015-09-18,49357.767
2015-09-19,-533.6
2015-09-21,112187.689
2015-09-22,102031.06
2015-09-23,42436.61
2015-09-24,57507.004
2015-09-25,44206.18
2015-09-26,124.5
2015-09-28,84596.07999999999
2015-09-29,116422.48
2015-09-30,161376.664
2015-10-01,41580.42
2015-10-02,34003.162
2015-10-03,-190.22000000000003
2015-10-05,117106.50600000001
2015-10-06,46576.7
2015-10-07,79021.416
2015-10-08,45870.73
2015-10-09,43329.82
2015-10-10,84820.38
2015-10-12,113189.41399999999
2015-10-13,76396.05
2015-10-14,70120.062
2015-10-15,72450.79699999999
2015-10-16,42210.365
2015-10-17,-3169.4400000000005
2015-10-19,88692.52
2015-10-20,49791.486
2015-10-21,55017.17
2015-10-22,52393.590000000004
2015-10-23,38309.74
2015-10-24,-1897.5600000000002
2015-10-26,160756.534
2015-10-27,64732.896
2015-10-28,137944.6
2015-10-29,138290.77
2015-10-30,167180.40899999999
2015-10-31,38904.7
2015-11-02,55051.53
2015-11-03,41587.049999999996
2015-11-04,69873.74100000001
2015-11-05,45169.27
2015-11-06,42519.55
2015-11-07,816.3700000000001
2015-11-09,145590.918
2015-11-10,75551.658
2015-11-11,112126.048
2015-11-12,62516.674
2015-11-13,57085.98
2015-11-14,-273.52
2015-11-16,94422.6
2015-11-17,74863.204
2015-11-18,86296.301
2015-11-19,66108.5
2015-11-20,52740.332
2015-11-21,-239.67
2015-11-23,86938.714
2015-11-24,147674.92799999999
2015-11-25,69784.513
2015-11-26,71050.89199999999
2015-11-27,190566.383
2015-11-28,4096.96
2015-11-30,292176.23099999997
2015-12-01,48122.659999999996
2015-12-02,67206.412
2015-12-03,100910.836
2015-12-04,53242.616
2015-12-05,-1462.3200000000002
2015-12-07,176176.08
2015-12-08,100480.707
2015-12-09,107173.12
2015-12-10,109214.19
2015-12-11,132305.613
2015-12-14,164076.38
2015-12-15,81392.49
2015-12-16,124411.679
2015-12-17,107022.954
2015-12-18,57634.76
2015-12-19,77045.275
2015-12-21,144596.598
2015-12-22,76914.888
2015-12-23,100282.315
2015-12-24,143232.23200000002
2015-12-25,114473.414
2015-12-26,67767.497
2015-12-28,104054.562
2015-12-29,50088.466
2015-12-30,26799.670000000002
2015-12-31,362.35
2016-01-04,54107.61
2016-01-05,96247.16399999999
2016-01-06,77770.582
2016-01-07,12957.15
2016-01-08,33068.58
2016-01-11,62694.96
2016-01-12,53576.245
2016-01-13,73775.265
2016-01-14,78460.264
2016-01-15,49872.44
2016-01-16,-33.839999999999996
2016-01-18,126382.17599999999
2016-01-19,64944.508
2016-01-20,72699.801
2016-01-21,56297.12
2016-01-22,41680.512
2016-01-23,-57.59
2016-01-25,55024.037
2016-01-26,91951.587
2016-01-27,132556.628
2016-01-28,49976.46
2016-01-29,88715.61200000001
2016-01-30,144246.084
2016-02-01,33673.231
2016-02-02,45731.485
2016-02-03,46017.694
2016-02-04,51969.904
2016-02-05,36143.837
2016-02-06,-1297.946
2016-02-08,108243.476
2016-02-09,43001.572
2016-02-10,36842.701
2016-02-11,53591.907
2016-02-12,148298.629
2016-02-13,-433.786
2016-02-15,48766.836
2016-02-16,56907.994
2016-02-17,53140.056
2016-02-18,89418.992
2016-02-19,85096.821
2016-02-20,-316.64
2016-02-22,51530.733
2016-02-23,44841.21
2016-02-24,92608.238
2016-02-25,137425.309
2016-02-26,42635.289000000004
2016-02-27,-308.36
2016-02-29,274490.957
2016-03-01,38706.106
2016-03-02,72283.785
2016-03-03,39795.145
2016-03-04,64501.011
2016-03-05,-1034.2939999999999
2016-03-07,86849.297
2016-03-08,48458.844
2016-03-09,127379.258
2016-03-10,91005.587
2016-03-11,38421.63
2016-03-12,-414.84
2016-03-14,102371.277
2016-03-15,54621.299
2016-03-16,90751.44699999999
2016-03-17,63653.849
2016-03-18,196071.146
2016-03-19,-392.07
2016-03-21,174175.574
2016-03-22,57155.876000000004
2016-03-23,76199.744
2016-03-24,48431.657
2016-03-25,42784.289
2016-03-26,-318.75
2016-03-28,126678.061
2016-03-29,47253.707
2016-03-30,122632.593
2016-03-31,62748.662
2016-04-01,113484.5
2016-04-02,-821.1899999999999
2016-04-04,92192.362
2016-04-05,65325.49
2016-04-06,118724.552
2016-04-07,53400.845
2016-04-08,51286.35
2016-04-09,1483.91
2016-04-11,70145.73
2016-04-12,114545.039
2016-04-13,80708.06
2016-04-14,62757.715000000004
2016-04-15,58120.252
2016-04-16,431.85
2016-04-18,72049.117
2016-04-19,90541.038
2016-04-20,146872.37
2016-04-21,126892.815
2016-04-22,67758.599
2016-04-23,174.48000000000002
2016-04-25,84504.394
2016-04-26,61784.285
2016-04-27,134485.679
2016-04-28,98558.372
2016-04-29,164825.37900000002
2016-04-30,51995.005999999994
2016-05-03,74657.02
2016-05-04,69693.378
2016-05-05,96840.657
2016-05-06,45664.052
2016-05-09,22779.463
2016-05-10,55661.2
2016-05-11,136306.828
2016-05-12,130482.41500000001
2016-05-13,37204.41
2016-05-14,-196.59999999999997
2016-05-16,165008.663
2016-05-17,46593.31
2016-05-18,63221.986
2016-05-19,93197.12700000001
2016-05-20,61566.7
2016-05-21,-1112.6499999999999
2016-05-23,63379.311
2016-05-24,107409.378
2016-05-25,95130.238
2016-05-26,160081.449
2016-05-27,42641.182
2016-05-28,410.471
2016-05-30,219202.462
2016-05-31,42388.874
2016-06-01,68732.354
2016-06-02,64753.114
2016-06-03,42322.09
2016-06-04,215.0
2016-06-06,68546.04000000001
2016-06-07,71710.265
2016-06-08,135557.68
2016-06-09,88215.222
2016-06-10,80924.971
2016-06-11,1980.74
2016-06-13,83610.97899999999
2016-06-14,52325.23
2016-06-15,108839.611
2016-06-16,98802.649
2016-06-17,41608.54
2016-06-18,1231.48
2016-06-20,58447.24
2016-06-21,102520.787
2016-06-22,66925.01
2016-06-23,58332.856
2016-06-24,45742.1
2016-06-25,-117.65
2016-06-27,175071.551
2016-06-28,214463.105
2016-06-29,101664.504
2016-06-30,74926.44
2016-07-01,65561.694
2016-07-02,-241.52
2016-07-04,68516.63
2016-07-05,25787.170000000002
2016-07-06,121771.51800000001
2016-07-07,69179.78
2016-07-08,62169.89
2016-07-09,1254.75
2016-07-11,78701.809
2016-07-12,101183.335
2016-07-13,75760.897
2016-07-14,56938.485
2016-07-15,55656.666
2016-07-16,-1005.62
2016-07-18,63862.775
2016-07-19,58644.474
2016-07-20,168350.801
2016-07-21,111933.777
2016-07-22,46026.54
2016-07-23,-1911.279
2016-07-25,183056.622
2016-07-26,83021.706
2016-07-27,68309.77
2016-07-28,86644.13
2016-07-29,65432.125
2016-07-30,-2902.71
2016-08-01,98837.667
2016-08-02,74215.55500000001
2016-08-03,59012.515
2016-08-04,112882.201
2016-08-05,74161.106
2016-08-06,-454.13
2016-08-08,97189.235
2016-08-09,210588.325
2016-08-10,149093.256
2016-08-11,72224.845
2016-08-12,78005.78600000001
2016-08-13,100.80000000000001
2016-08-15,222438.789
2016-08-16,75184.0
2016-08-17,79243.312
2016-08-18,77058.87
2016-08-19,85869.89
2016-08-20,1531.23
2016-08-22,101479.183
2016-08-23,95690.98
2016-08-24,78149.83
2016-08-25,70657.06
2016-08-26,151464.44
2016-08-27,-67.98999999999998
2016-08-29,124332.001
2016-08-30,71274.927
2016-08-31,93355.54000000001
2016-09-01,132067.58299999998
2016-09-02,137582.862
2016-09-03,-332.7
2016-09-05,105653.027
2016-09-06,162665.87
2016-09-07,96562.185
2016-09-08,76730.242
2016-09-09,51853.23
2016-09-10,997.44
2016-09-12,62092.67
2016-09-13,120612.286
2016-09-14,106412.41
2016-09-15,82128.32800000001
2016-09-16,90230.967
2016-09-17,-94.5
2016-09-19,86131.591
2016-09-20,102841.96800000001
2016-09-21,63188.786
2016-09-22,79876.298
2016-09-23,72469.7
2016-09-24,-314.85
2016-09-26,63760.98
2016-09-27,103911.906
2016-09-28,131566.356
2016-09-29,56553.028
2016-09-30,77150.198
2016-10-01,-24.52
2016-10-03,66050.102
2016-10-04,47970.23
2016-10-05,58465.324
2016-10-06,77663.236
2016-10-07,34703.735
2016-10-08,-672.02
2016-10-10,78187.458
2016-10-11,66265.005
2016-10-12,113054.39
2016-10-13,70583.111
2016-10-14,45229.545
2016-10-15,2029.3199999999997
2016-10-17,72448.665
2016-10-18,78392.489
2016-10-19,164500.945
2016-10-20,99512.516
2016-10-21,62003.98
2016-10-22,461.5
2016-10-24,107258.68400000001
2016-10-25,162015.824
2016-10-26,77645.211
2016-10-27,54831.881
2016-10-28,85275.829
2016-10-29,-4686.240000000001
2016-10-31,102902.575
2016-11-01,64376.001000000004
2016-11-02,138638.842
2016-11-03,58704.581
2016-11-04,82255.719
2016-11-05,-5123.750000000001
2016-11-07,76860.129
2016-11-08,163070.55299999999
2016-11-09,160273.028
2016-11-10,115424.096
2016-11-11,116764.764
2016-11-12,-927.65
2016-11-14,121939.975
2016-11-15,78123.859
2016-11-16,139924.626
2016-11-17,113941.277
2016-11-18,132645.218
2016-11-19,27899.71
2016-11-21,46135.232
2016-11-22,90373.446
2016-11-23,62423.683
2016-11-24,64526.369
2016-11-25,98021.776
2016-11-26,154.39999999999998
2016-11-28,79653.292
2016-11-29,144873.767
2016-11-30,82539.901
2016-12-01,62767.898
2016-12-02,87299.855
2016-12-03,-6974.700000000001
2016-12-05,204008.15
2016-12-06,147905.29200000002
2016-12-07,149642.039
2016-12-08,243676.11000000002
2016-12-09,125027.331
2016-12-10,-349.347
2016-12-12,118870.045
2016-12-13,101202.40699999999
2016-12-14,108195.455
2016-12-15,141872.51499999998
2016-12-16,191615.201
2016-12-19,119105.519
2016-12-20,118405.428
2016-12-21,119422.639
2016-12-22,102851.371
2016-12-23,101952.922
2016-12-26,125410.787
2016-12-27,87818.319
2016-12-28,152440.728
2016-12-29,74391.655
2016-12-30,46804.887
2016-12-31,-105.51
2017-01-03,121470.456
2017-01-04,81788.246
2017-01-05,81836.994
2017-01-06,31503.564
2017-01-09,23701.898
2017-01-10,83220.307
2017-01-11,81980.23300000001
2017-01-12,71791.194
2017-01-13,152416.313
2017-01-16,96629.62700000001
2017-01-17,63410.335999999996
2017-01-18,56920.976
2017-01-19,66493.547
2017-01-20,124178.802
2017-01-23,99395.998
2017-01-24,72680.251
2017-01-25,88581.865
2017-01-26,53988.051999999996
2017-01-27,50119.101
2017-01-28,1722.137
2017-01-30,62126.411
2017-01-31,150324.808
2017-02-01,79634.518
2017-02-02,137311.481
2017-02-03,64590.793
2017-02-06,109146.148
2017-02-07,95656.189
2017-02-08,58930.148
2017-02-09,61420.604
2017-02-10,67517.44
2017-02-13,56797.433
2017-02-14,65201.162
2017-02-15,66581.274
2017-02-16,93102.891
2017-02-17,216928.142
2017-02-20,70882.44
2017-02-21,50133.759
2017-02-22,48558.265
2017-02-23,58069.119
2017-02-24,129986.655
2017-02-27,57197.954
2017-02-28,215540.752
2017-03-01,110553.28
2017-03-02,71069.395
2017-03-03,61204.612
2017-03-04,11662.175
2017-03-06,62215.919
2017-03-07,109769.602
2017-03-08,55108.687
2017-03-09,51955.422
2017-03-10,75347.376
2017-03-13,53737.288
2017-03-14,74165.41500000001
2017-03-15,92547.52900000001
2017-03-16,68961.647
2017-03-17,52832.058
2017-03-20,92931.657
2017-03-21,121757.52900000001
2017-03-22,86494.356
2017-03-23,122110.916
2017-03-24,94562.804
2017-03-27,80817.24
2017-03-28,94370.778
2017-03-29,102334.812
2017-03-30,68151.869
2017-03-31,55623.697
2017-04-03,69113.348
2017-04-04,53518.029
2017-04-05,69553.095
2017-04-06,161665.822
2017-04-07,70629.399
2017-04-10,141994.786
2017-04-11,65751.23300000001
2017-04-12,80923.245
2017-04-13,82406.08899999999
2017-04-14,146302.997
2017-04-17,25918.162
2017-04-18,116381.216
2017-04-19,79041.427
2017-04-20,154642.532
2017-04-21,110119.652
2017-04-24,164989.66
2017-04-25,146438.801
2017-04-26,171897.29499999998
2017-04-27,73932.00200000001
2017-04-28,87948.437
2017-04-29,44461.799
2017-05-02,63099.387
2017-05-03,71787.72
2017-05-04,64681.35
2017-05-05,76036.812
2017-05-08,114065.069
2017-05-09,28021.925
2017-05-10,81741.829
2017-05-11,75226.183
2017-05-12,114070.372
2017-05-15,99771.402
2017-05-16,82881.129
2017-05-17,87041.662
2017-05-18,101582.344
2017-05-19,123787.639
2017-05-22,95759.18000000001
2017-05-23,61701.152
2017-05-24,73416.833
2017-05-25,113246.378
2017-05-26,125985.018
2017-05-29,146342.08
2017-05-30,129860.706
2017-05-31,126444.592
2017-06-01,67875.182
2017-06-02,69049.105
2017-06-05,84927.475
2017-06-06,103087.672
2017-06-07,88441.039
2017-06-08,118958.269
2017-06-09,184007.086
2017-06-12,68839.998
2017-06-13,131291.081
2017-06-14,109705.02100000001
2017-06-15,76834.332
2017-06-16,95981.494
2017-06-19,200758.443
2017-06-20,97528.957
2017-06-21,82854.006
2017-06-22,84290.439
2017-06-23,78916.291
2017-06-26,26077.909
2017-06-27,98880.096
2017-06-28,65354.501000000004
2017-06-29,186245.282
2017-06-30,77081.178
2017-07-03,44350.761
2017-07-04,61822.715
2017-07-05,64862.367
2017-07-06,74518.388
2017-07-07,61677.494000000006
2017-07-10,116025.67700000001
2017-07-11,64954.437
2017-07-12,74502.14600000001
2017-07-13,67200.475
2017-07-14,91673.712
2017-07-15,545.1
2017-07-17,104586.80500000001
2017-07-18,148735.338
2017-07-19,113104.667
2017-07-20,137559.864
2017-07-21,153263.511
2017-07-24,186958.451
2017-07-25,113000.39
2017-07-26,63511.635
2017-07-27,80741.588
2017-07-28,83241.69499999999
2017-07-29,48770.816000000006
2017-07-31,70685.188
2017-08-01,93650.758
2017-08-02,63180.880000000005
2017-08-03,82508.831
2017-08-04,45767.802
2017-08-07,91544.698
2017-08-08,91060.614
2017-08-09,76868.224
2017-08-10,95028.069
2017-08-11,55669.123
2017-08-14,117098.973
2017-08-15,127279.413
2017-08-16,82559.833
2017-08-17,82069.684
2017-08-18,153151.777
2017-08-21,78728.975
2017-08-22,84131.879
2017-08-23,86256.181
2017-08-24,141584.635
2017-08-25,182965.98500000002
2017-08-28,189086.645
2017-08-29,93283.933
2017-08-30,104874.303
2017-08-31,71753.825
2017-09-01,34512.46
2017-09-04,130606.46
2017-09-05,95269.337
2017-09-06,54115.731
2017-09-07,103655.066
2017-09-08,65439.959
2017-09-11,97078.633
2017-09-12,64325.338
2017-09-13,73239.691
2017-09-14,85933.656
2017-09-15,249579.494
2017-09-18,55693.316999999995
2017-09-19,53705.636
2017-09-20,70761.263
2017-09-21,72833.281
2017-09-22,71632.234
2017-09-23,-1523.48
2017-09-25,68656.088
2017-09-26,88496.384
2017-09-27,79006.403
2017-09-28,61504.233
2017-09-29,141506.925
2017-10-02,57681.618
2017-10-03,71307.906
2017-10-04,71382.158
2017-10-05,203117.161
2017-10-06,81082.939
2017-10-09,81290.638
2017-10-10,112920.482
2017-10-11,114087.38500000001
2017-10-12,75965.279
2017-10-13,90564.13
2017-10-16,128397.55500000001
2017-10-17,73547.301
2017-10-18,173975.189
2017-10-19,151066.851
2017-10-20,63557.545
2017-10-23,108090.099
2017-10-24,125748.375
2017-10-25,111590.22
2017-10-26,100509.752
2017-10-27,54407.641
2017-10-28,-6658.698
2017-10-30,86781.218
2017-10-31,58785.841
2017-11-01,289131.333
2017-11-02,90829.235
2017-11-03,59691.251000000004
2017-11-04,-4657.46
2017-11-06,93261.479
2017-11-07,190439.338
2017-11-08,63860.973000000005
2017-11-09,108598.481
2017-11-10,156840.856
2017-11-13,245805.172
2017-11-14,123080.016
2017-11-15,143869.117
2017-11-16,72234.8
2017-11-17,162930.719
2017-11-18,-2041.306
2017-11-20,84083.264
2017-11-21,35436.445
2017-11-22,92156.959
2017-11-23,114814.392
2017-11-24,80333.039
2017-11-25,982.7900000000001
2017-11-27,200552.53100000002
2017-11-28,77469.804
2017-11-29,198710.04200000002
2017-11-30,80750.312
2017-12-01,71073.777
2017-12-02,-2725.117
2017-12-04,120632.40400000001
2017-12-05,166099.957
2017-12-06,73460.96399999999
2017-12-07,104500.244
2017-12-08,97485.228
2017-12-09,-510.83900000000006
2017-12-11,217377.019
2017-12-12,111794.05
2017-12-13,204324.763
2017-12-14,121132.568
2017-12-15,132233.497
2017-12-16,785.03
2017-12-18,195701.962
2017-12-19,160171.125
2017-12-20,149805.22400000002
2017-12-21,139264.593
2017-12-22,63940.324
2017-12-25,86137.837
2017-12-26,122382.102
2017-12-27,69865.41100000001
2017-12-28,105432.307
2017-12-29,214633.11800000002
2018-01-02,-303.1
2018-01-03,179043.038
2018-01-04,125290.004
2018-01-05,65659.14199999999
2018-01-08,58340.295
2018-01-09,30376.199
2018-01-10,80881.581
2018-01-11,64827.447
2018-01-12,85634.87700000001
2018-01-13,19347.9
2018-01-15,104689.185
2018-01-16,106245.19
2018-01-17,93192.302
2018-01-18,87516.059
2018-01-19,71580.704
2018-01-22,73705.201
2018-01-23,106659.458
2018-01-24,64471.628
2018-01-25,66561.684
2018-01-26,105777.864
2018-01-29,116686.27
2018-01-30,160730.033
2018-01-31,94523.347
